{
    "name": "Stunning Venom",
    "description": "Attacking will stun your opponent with slowness and blindness, preventing them from sprinting or swimming.",
    "type": "origins:action_on_hit",
    "bientity_action": {
        "type": "origins:and",
        "actions": [
            {
                "type": "origins:actor_action",
                "action": {
                    "type": "origins:play_sound",
                    "sound": "minecraft:entity.fox.bite",
                    "volume": 1,
                    "pitch": 0.8
                }
            },
            {
                "type": "origins:target_action",
                "action": {
                    "type": "origins:apply_effect",
                    "effects": [
                        {
                            "effect": "minecraft:slowness",
                            "duration": 60,
                            "amplifier": 2,
                            "show_particles": true,
                            "show_icon": true
                        },
                        {
                            "effect": "minecraft:blindness",
                            "duration": 60,
                            "amplifier": 0,
                            "show_particles": false,
                            "show_icon": true
                        }
                    ]
                }
            }
        ]
    },
    "damage_condition": {
        "type": "origins:name",
        "name": "player"
    },
    "cooldown": 300,
    "hud_render": {
        "should_render": true,
        "sprite_location": "origins:textures/gui/community/spiderkolo/resource_bar_03.png",
        "bar_index": 22
    }
}